ai_academic_entity,country,link
SKAILAB,Algeria,http://skailab.algeria-ai.com/
The Applied Artificial Intelligence Laboratory (AAIL),Argentina,https://liaa.dc.uba.ar/
Artificial Intelligence Research and Development Laboratory - LIDIA,Argentina,http://lidia.cs.uns.edu.ar/home/
IALAB,Argentina,https://ialab.com.ar/
DHARMA Artificial Intelligence Lab at UTN,Argentina,http://dharma.frm.utn.edu.ar/en
Machine Intelligence Lab CETYS Universidad de San Andreas,Argentina,https://udesa.edu.ar/cetys/machine-intelligence-lab
YerevaNN research lab,Armenia,https://yerevann.com/
AiLab,Australia,https://www.ailab.com.au/
Humanising Machine Intelligence Australian National University,Australia,https://hmi.anu.edu.au/
School of Electrical and Electronic Engineering,Australia,https://ecms.adelaide.edu.au/electrical-electronic-engineering/
The Cloud Computing and Distributed Systems Laboratory,Australia,http://www.cloudbus.org/
Institute of Science and Technology,Austria,http://www.ist.ac.at
"Center for Digital Safety & Security, AIT – Austrian Institute of Technology, Vienna",Austria,https://www.ait.ac.at/en/about-the-ait/center/center-for-digital-safety-security/
"Control of Networked Systems Group, Universität Klagenfurt, Department of Smart System Technologies, Klagenfurt",Austria,https://www.aau.at/en/smart-systems-technologies/control-of-networked-systems/
"Department of Applied Informatics, Alpen-Adria-Universität Klagenfurt, Klagenfurt",Austria,https://www.aau.at/en/isys/
"Inst. for Computer Graphics and Vision, Graz University of Technology, Graz",Austria,https://www.tugraz.at/institutes/icg/home/
"Institute for Formal Models and Verification, Johannes Kepler University, Linz",Austria,https://www.jku.at/en/institute-for-formal-models-and-verification/
"Institute of Computational Perception, Johannes Kepler University Linz",Austria,https://www.jku.at/en/institute-of-computational-perception/
"Institute of Logic and Computation, Technische Universität Wien, Vienna",Austria,https://informatics.tuwien.ac.at/orgs/e192
DBAI – Databases and Artificial Intelligence Group...,Austria,https://dbai.tuwien.ac.at/
"Know-Center Gmbh – Research Center for Data-driven Business and Big Data Analytics, Graz",Austria,https://www.know-center.tugraz.at/
"Institute for Interactive Systems and Data Science, Graz University of Technology & Know-Center",Austria,https://www.tugraz.at/institutes/isds/home/
"Privacy and Sustainable Computing Lab/Institute for Information Business, Vienna University of Economics and Business, Vienna",Austria,https://www.wu.ac.at/en/dpkm
"Research Group Data Mining, Faculty of Computer Science, Data Science, Uni Vienna, Vienna",Austria,https://dm.cs.univie.ac.at/
"Research Group for Heuristic and Evolutionary Algorithms (HEAL), University of Applied Sciences Upper Austria",Austria,https://heal.heuristiclab.com/
"Section for Artificial Intelligence & Decision Support, Medical University of Vienna",Austria,http://www.ai.meduniwien.ac.at/en/
Software Competence Center Hagenberg,Austria,https://www.scch.at/en/news
"DIGITAL - Institute for Information and Communication Technologies, JOANNEUM RESEARCH",Austria,http://www.joanneum.at/en/digital
"Artificial Intelligence Lab, Vrije Universiteit Brussel",Belgium,https://ai.vub.ac.be/
"BeCool and Machine Learning Group, ICTEAM, UCLouvain, Louvain-la-Neuve",Belgium,https://uclouvain.be/fr/node/1769
"Beyond the Horizon International Strategic Studies Group, Brussels",Belgium,https://behorizon.org/
"Business Informatics research group @ Hasselt University, Hasselt University, Hasselt",Belgium,http://businessinformatics.be
"CLiPS Computational Linguistics Group, University of Antwerp, Antwerp",Belgium,https://www.uantwerpen.be/en/research-groups/clips/
"Department of Computer Science, KU Leuven, Leuven",Belgium,https://wms.cs.kuleuven.be/cs/
Lab for Declarative Languages and Artificial Intelligence,Belgium,https://dtai.cs.kuleuven.be/
"EAVISE (Vision — AI — Embedded), KU Leuven",Belgium,https://iiw.kuleuven.be/onderzoek/eavise
"IMEC, Leuven",Belgium,https://www.imec-int.com/en
"IDLab, Ghent University – imec",Belgium,https://www.ugent.be/ea/idlab/en/
"IDLab, IMEC – University of Antwerp",Belgium,https://www.uantwerpen.be/en/research-groups/idlab/
"Machine Learning Group, Université Libre de Bruxelles, Brussels",Belgium,https://mlg.ulb.ac.be/wordpress/
"MONA, VITO, Mol",Belgium,https://mona.health/
"UGent.ai, Ghent University, Ghent",Belgium,https://ai.ugent.be/index.en.html
"VUB Data Lab, Vrije Universiteit Brussel (VUB), Brussels",Belgium,https://data-lab.be/about.php
"ASPL – Applied Signal Processing Laboratory, Technical University of Varna, Varna",Bulgaria,http://tu-varna.bg/aspl/index.php?lang=en
"Institute of Information and Communication Technologies, Bulgarian Academy of Sciences, Sofia",Bulgaria,http://www.iict.bas.bg/EN/index.html
Mila,Canada,https://mila.quebec/en/
Vector Institute,Canada,https://vectorinstitute.ai/
"Center for AI Decision-making and Action, University of British Columbia",Canada,https://caida.ubc.ca/
"UNC Artificial Intelligence (AI), Machine Learning and Data Science",China,https://sph.unc.edu/research/artificial-intelligence-ai-machine-learning-and-data-science/
"Computational Cognition Lab, Open University of Cyprus, Nicosia",Cyprus,https://cognition.ouc.ac.cy/cclab/
"Research Center on Interactive Media, Smart Systems, and Emerging Technologies, Nicosia (RISE)",Cyprus,https://www.rise.org.cy/en-gb/
"Republic - Czech Institute of Informatics, Robotics and Cybernetics (CIIRC CTU)",Czech,https://www.ciirc.cvut.cz/
Republic - Automated Reasoning Group,Czech,http://arg.ciirc.cvut.cz/
"Republic - UTIA – Pattern Recognition Dep., Institute of Information Theory and Automation, The Czech Academy of Sciences, Prague",Czech,http://ro.utia.cas.cz/
Republic - Institute of Computer Science (CAS ICS) @ The Czech Academy of Sciences,Czech,https://www.cs.cas.cz/en
NOVI 9 - Computer Science Faculty of Aalborg University,Denmark,https://www.cs.aau.dk/
"Copenhagen Natural Language Understanding Group, The University of Copenhagen, Copenhagen",Denmark,http://www.copenlu.com/
"The Maersk Mc-Kinney Moller Institute, University of Southern Denmark, Odense",Denmark,https://www.sdu.dk/en/om_sdu/institutter_centre/mmmi_maersk_mckinney_moeller.aspx
"Constraint Reasoning and Optimization Group, University of Helsinki, Helsinki",Finland,https://www.helsinki.fi/en/researchgroups/constraint-reasoning-and-optimization
Finnish Center for Artificial Intelligence – Aalto University,Finland,https://fcai.fi/contact-us
Finnish Center for Artificial Intelligence - University of Helsinki,Finland,https://fcai.fi/contact-us
Finnish Center for Artificial Intelligence - VTT Technical Research Center of Finland,Finland,https://fcai.fi/contact-us
"Multiobjective Optimization Group and DEMO Group, University of Jyvaskyla",Finland,http://www.mit.jyu.fi/optgroup/
"Institute of Information Technology, JAMK University of Applied Sciences, Jyväskylä",Finland,https://www.jamk.fi/en/research-and-development/rdi-projects/artificial-intelligence-and-data-analysis/home/
"Turku School of Economics, University of Turku",Finland,https://www.utu.fi/en/university/turku-school-of-economics
CEREMADE,France,https://www.ceremade.dauphine.fr/fr/presentation.html
Institut de Recherche en Informatique de Toulouse,France,https://www.irit.fr/
Inria,France,http://www.inria.fr
Institut de Recherche en Informatique de Toulouse,France,https://www.irit.fr/
"AI-driven Business, Rennes School of Business, Rennes",France,https://www.aibusiness.eu/
"ANITI – Artificial and Natural Intelligence Toulouse, Université Fédérale Toulouse Midi-Pyrénées, Toulouse",France,https://en.univ-toulouse.fr/aniti
"Centre de Recherche en Informatique (CRI), Université Paris 1 Panthéon-Sorbonn, Paris",France,https://www.pantheonsorbonne.fr/unites-de-recherche/cri/about-us/
"CRIL – Centre de Recherche en Informatique de Lens, Artois University & CNRS, Lens",France,http://www.cril.univ-artois.fr/en/
"Heudiasyc Laboratory (Heuristic and Diagnostic for Complex Systems), University of Technology of Compiègne/French National Centre for Scientific Research, Compiègne",France,https://www.hds.utc.fr/en.html
"IRIT – Institut de Recherche en Informatique de Toulouse, Univ. Toulouse CNRS, Toulouse",France,https://www.irit.fr/en/research/application-areas/action-scientifc-computing-big-data-ai/
"ISIR – Institut des Systèmes Intelligents et de Robotique, Sorbonne Université, Paris",France,http://www.isir.upmc.fr/
"LERIA – Laboratoire d’Etude et de de Recherche en Informatique d’Angers, Université d’Angers, Angers",France,http://blog.univ-angers.fr/leria/
"LIMSI – Laboratoire d’Informatique pour la Mécanique et les Sciences de l’Ingénieur, CNRS Orsay France",France,https://www.limsi.fr/en/
"LaBRI – Bordeaux Laboratory in Computer Science, University of Bordeaux / CNRS / INRIA, Bordeaux",France,https://www.labri.fr/
"LAB-STICC, ENIB, Brest",France,https://www.labsticc.fr/en/index/
"LAMSADE, Université Paris-Dauphine",France,https://www.lamsade.dauphine.fr/
"LIFEWARE group, Inria Saclay Ile de France, Palaiseau",France,http://lifeware.inria.fr/wiki/Main/HomePage
LTSI (Laboratoire Traitement du Signal et de l'Image),France,https://www.ltsi.univ-rennes1.fr/
"MIAI (Multidisciplinary Institute in Artificial intelligence) @Grenoble Alpes, Université Grenoble Alpes, Grenoble",France,https://miai.univ-grenoble-alpes.fr/miai-institute/
"LIG – Laboratoire d’Informatique de Grenoble, Univ. Grenoble Alpes, CNRS, Grenoble",France,https://www.liglab.fr/en/presentation/laboratory-overview
"LIP6, Sorbonne University, Paris",France,https://www.lip6.fr/?LANG=en
"LIRMM (pôle IA), University of Montpellier, Montpellier",France,http://www.lirmm.fr/
"LSIS – Laboratory for Sciences of information and Systems, Induction for Behavior Modeling (in4Be) Research Group, Aix Marseille University, Marseille",France,https://www.lis-lab.fr/en/home/
"Modal project-team, Inria, Lille",France,https://team.inria.fr/modal/
"ORKAD Group (Operational Research, Knowledge And Data), University of Lille, Lille",France,http://orkad.univ-lille.fr/
"PRIVATICS, INRIA, Sophia Antipolis",France,https://team.inria.fr/privatics/
Laboratoire Hubert Curien @ University Jean Monnet of Saint-Etienne / CNRS,France,https://laboratoirehubertcurien.univ-st-etienne.fr
Department of Empirical Inference,Germany,https://ei.is.tuebingen.mpg.de/
Max Planck Institut Für Informatik,Germany,https://www.mpi-inf.mpg.de/home/
Autonome Intelligente Systeme,Germany,http://ais.informatik.uni-freiburg.de/
Max Planck Institute for Informatics,Germany,https://www.mpi-inf.mpg.de
Max Planck Institute for Intelligent Systems,Germany,https://www.is.mpg.de/en/
AI.DA (AI at TU Darmstadt),Germany,https://www.ai-da.tu-darmstadt.de/
"Algorithm Engineering, Hasso Plattner Institute, Potsdam",Germany,https://hpi.de/friedrich/home.html
"Applied Computational Linguistics: Discourse Research Lab, University of Potsdam, Potsdam",Germany,http://angcl.ling.uni-potsdam.de/
Artificial General Intelligence Sentinel Initiative (AGISI),Germany,http://www.agisi.org/about.html
"Artificial Intelligence Lab, Otto von Guericke University Magdeburg",Germany,http://ai.ovgu.de/
"Artificial Intelligence Research Group, Harz University of Applied Sciences, Wernigerode",Germany,http://artint.hs-harz.de/
"Autonomous Intelligent Systems, University of Freiburg",Germany,http://ais.informatik.uni-freiburg.de/
"Autonomous Intelligent Systems Lab, University of Bonn",Germany,http://www.ais.uni-bonn.de/research.html
"Autonomous System, University of Applied Science Gelsenkirchen, Gelsenkirchen",Germany,http://homepage.informatik.w-hs.de/HSurmann/
"Big Data Analytics Group, Saarland University, Saarbrücken",Germany,https://bigdata.uni-saarland.de/research/research.php
"Bremen Spatial Cognition Center, University of Bremen",Germany,https://bscc.spatial-cognition.de/
"Chair of Automata Theory, TU Dresden, Dresden",Germany,https://tu-dresden.de/ing/informatik/thi/lat?set_language=en
"Cognitive Systems Group, University of Bamberg",Germany,https://www.uni-bamberg.de/en/cogsys/
"colab Potsdam / foundations of computational linguistics, Department of Linguistics, University of Potsdam",Germany,https://www.uni-potsdam.de/en/ling/researchgroups/foundations-of-computational-linguistics
"Computational Logic Group, TU Dresden, Dresden",Germany,https://iccl.inf.tu-dresden.de/web/Computational_Logic/en
"Computer Vision and Machine Learning Systems, University of Münster",Germany,https://www.uni-muenster.de/Informatik.AGRisse/index.shtml
"Computer Vision Group, University of Freiburg",Germany,https://lmb.informatik.uni-freiburg.de/index.php
"Data & Knowledge Engineering Group, Heinrich-Heine-University, Düsseldorf",Germany,https://www.cs.hhu.de/en/research-groups/data-knowledge-engineering.html
"Decision and Operation Technologies, Bielefeld University",Germany,https://www.uni-bielefeld.de/fakultaeten/wirtschaftswissenschaften/lehrbereiche/dot/
"Department of Informatics, Universität Hamburg",Germany,https://www.inf.uni-hamburg.de/en/
Darmstadt University of Technology: Faculty of computer science,Germany,https://www.informatik.tu-darmstadt.de/fb20/index.en.jsp
"Foundations of AI lab, Albert-Ludwigs-Universität, Freiburg",Germany,http://www2.informatik.uni-freiburg.de/~ki/
"Frankfurt Big Data Lab, Goethe University Frankfurt, Frankfurt/Main",Germany,http://www.bigdata.uni-frankfurt.de/about/
"DFKI - German Research Center for Artificial Intelligence, Kaiserslautern (Headquarters)",Germany,https://www.dfki.de/web/ueber-uns/standorte-kontakt/
DFKI - Agents and Simulated Reality,Germany,https://www.dfki.de/en/web/research/research-departments/agents-and-simulated-reality/
"DFKI - Intelligent Networks, Kaiserslautern",Germany,https://www.dfki.de/en/web/research/research-departments/intelligent-networks/
DFKI - Multilinguality and Language Technology,Germany,https://www.dfki.de/en/web/research/research-departments/multilinguality-and-language-technology/
"DFKI - Plan-Based Robot Control, Osnabrück",Germany,https://www.dfki.de/en/web/research/research-departments/plan-based-robot-control/
"DFKI - Robotics Innovation Center, Bremen",Germany,https://robotik.dfki-bremen.de/en/startpage.html
"DFKI - Smart Data and Knowledge Services, Kaiserslautern",Germany,https://www.dfki.de/en/web/research/research-departments/smart-data-knowledge-services/
"DFKI - Smart Service Engineering, Saarbrücken",Germany,https://www.dfki.de/en/web/research/research-departments/smart-service-engineering/
"DFKI - Speech and Language Technology, Berlin",Germany,https://www.dfki.de/en/web/research/research-departments/speech-and-language-technology/
"Helmholtz School for Data Science in Life, Earth and Energy (HDS-LEE), Forschungszentrum Jülich GmbH",Germany,https://www.hds-lee.de/
"Human-Centered Multimedia, Universität Augsburg, Augsburg",Germany,https://www.uni-augsburg.de/en/fakultaet/fai/informatik/prof/hcm/
"Information Systems and Statistics Group, Department of Information Systems, University of Münster, Münster",Germany,https://www.wi.uni-muenster.de/department/statistik
"Institute AIFB – Institute for Applied Informatics and Formal Description Models, Karlsruhe Institute of Technology (KIT), Karlsruhe",Germany,https://aifb.kit.edu/web/Hauptseite/en
"Institute for Web Science and Technologies, Universität Koblenz-Landau, Koblenz",Germany,https://west.uni-koblenz.de/
"Institute of Computer Science, Freie Universität Berlin, Berlin",Germany,http://www.mi.fu-berlin.de/inf/groups/ag-ki/index.html
Dahlem Center for Machine Learning and Robotics,Germany,http://www.mi.fu-berlin.de/inf/groups/ag-ki/index.html
"Institute of Information Systems, Hof University of Applied Sciences",Germany,https://www.iisys.de/en/
"Institute of Neuroscience and Medicine (INM-7), Forschungszentrum Jülich",Germany,https://www.fz-juelich.de/inm/inm-7/EN/Home/home_node.html
"Institute of Software Technology, University of Stuttgart, Stuttgart",Germany,https://www.iste.uni-stuttgart.de/
"Institut für Neuroinformatik, Ruhr-Universität Bochum, Bochum",Germany,https://www.ini.rub.de/
Optimization of Adaptive Systems Group,Germany,https://www.ini.rub.de/research/groups/optimization_of_adaptive_systems/
"Intellectual property rights in distributed information infrastructures, FIZ Karlsruhe – Leibniz Institute for Information Infrastructure, Eggenstein-Leopoldshafen",Germany,https://www.fiz-karlsruhe.de/en/forschung/immaterialgueterrechte-verteilten-informationsinfrastrukturen
"Intelligent Systems Research Group, Leipzig University",Germany,https://www.informatik.uni-leipzig.de/ifi/professuren/theoretischeinf/intelligente-systeme/home/
"Knowledge-Based Systems group, Osnabrück University",Germany,https://kbs.informatik.uos.de/
"Knowledge-Based Systems Group, RWTH Aachen University",Germany,https://www.kbsg.rwth-aachen.de/
"Knowledge creates² Data, University Regensburg",Germany,https://ai.ur.de/en/
"Knowledge Technologies for the Social Sciences, GESIS – Leibniz Institute for the Social Sciences, Cologne",Germany,https://www.gesis.org/en/institute/departments/knowledge-technologies-for-the-social-sciences/
"L3S Research Center, Leibniz Universität Hannover",Germany,https://www.l3s.de/de
"Lab for Computer Graphics and Virtual Reality, University of Bremen",Germany,https://cgvr.cs.uni-bremen.de/
"Lehrstuhl Informatik 6 – Human Language Technology and Pattern Recognition, RWTH Aachen University",Germany,http://www-i6.informatik.rwth-aachen.de/
"Machine Learning & Robotics Lab, University of Stuttgart",Germany,https://ipvs.informatik.uni-stuttgart.de/mlr/
"Machine Learning Group, Bielefeld University",Germany,https://www.cit-ec.de/en/tcs
"Machine Learning Research Group, University of Freiburg",Germany,http://ml.informatik.uni-freiburg.de/
"Medical Data Donors e.V., Erlangen",Germany,https://www.medicaldatadonors.org/index.php/mission/
"Neurorobotics Lab, University of Freiburg",Germany,https://nr.informatik.uni-freiburg.de/
"PRIA – Pattern Recognition and Image Analysis Group, University of Münster",Germany,https://www.uni-muenster.de/PRIA/
"Pattern Recognition Lab, Friedrich-Alexander-University Erlangen-Nuremberg",Germany,https://www5.cs.fau.de/
"Potassco laboratory, University of Potsdam",Germany,https://potassco.org/
"Research Group Theory of Artificial Intelligence, University of Bremen",Germany,http://www.informatik.uni-bremen.de/tdki/
"Robot Learning Lab, University of Freiburg",Germany,https://rl.uni-freiburg.de/
"Spoken Language Systems Group, Saarland University",Germany,https://www.lsv.uni-saarland.de/
Institute of Information Processing (tnt) @ Leibniz University Hannover,Germany,https://www.tnt.uni-hannover.de/
Institute for Artificial Intelligence @ University Bremen,Germany,https://ai.uni-bremen.de
"Foundations of AI Research Group, Saarland University",Germany,http://fai.cs.uni-saarland.de/
"Computer Science Department, Saarland University",Germany,https://www.uni-saarland.de/en/department/department-of-computer-science.html
"Artificial Intelligence Team, Dept. of Informatics and Telecommunications, National and Kapodistrian University of Athens",Greece,http://ai.di.uoa.gr/
"Bioinformatics Laboratory, Institute of Applied Biosciences (INAB), Centre for Research and Technology Hellas (CERTH), Thessaloniki",Greece,https://inab.certh.gr/
"Computational Biomedicine Lab, University of Piraeus",Greece,http://cbml.ds.unipi.gr/en/
"Computational Methodologies & Operations Research (CMOR) Laboratory, Dept. of Applied Informatics, University of Macedonia, Thessaloniki",Greece,http://cmor.uom.gr/
"Emerging Methodologies in Economics and Finance Group, Department of Economics, Democritus University of Thrace, Komotini",Greece,https://sites.google.com/site/duthemef/home
"Intelligent Systems Laboratory, Aristotle University of Thessaloniki",Greece,https://intelligence.csd.auth.gr/
"ISLab – Intelligent Systems Laboratory, Department of Computer Science and Biomedical Informatics, University of Thessaly, Lamia",Greece,https://isl.dib.uth.gr/
"Mens Ex Machina, Computer Science Department, University of Crete, Heraklion",Greece,http://mensxmachina.org/en/
"Multimedia, Knowledge & Social Media Analytics Lab, Centre for Research and Technology Hellas, Information Technologies Institute",Greece,https://mklab.iti.gr/research/
"Software and Knowledge Engineering Lab, National Centre for Scientific Research “Demokritos”, Athens",Greece,https://www.iit.demokritos.gr/institute/overview/
Center for Chaos and Complex Networks,Hong Kong,https://www.ee.cityu.edu.hk/~cccn/
Multimedia Laboratory,Hong Kong,http://mmlab.ie.cuhk.edu.hk/projects.html
Department of Computing,Hong Kong,https://www.comp.polyu.edu.hk/
"Department of Computer Algorithms and Artificial Intelligence, University of Szeged",Hungary,https://www.inf.u-szeged.hu/en/algmi
"Department of Network and Data Science, Central European University, Budapest",Hungary,http://networkdatascience.ceu.edu/
"Faculty of Informatics, Eötvös Loránd University, Budapest",Hungary,https://www.inf.elte.hu/en/
ELTE Department of Artificial Intelligence,Hungary,http://nipg.inf.elte.hu/
ELTE Autonomous Systems Group,Hungary,https://www.inf.elte.hu/en/content/computer-science-for-autonomous-systems.t.1404?m=252
"Human Language Technology, Computer Science Research Institute (SZTAKI) of the Hungarian Academy of Sciences (MTA)",Hungary,https://hlt.bme.hu/en/group
"MEDIANETS Lab, Department of Networked Systems and Services, Budapest University of Technology and Economics, Budapest",Hungary,http://medianets.hu/home/
"MTA-SZTE Research Group on Artificial Intelligence, Hungarian Academy of Sciences, University of Szeged",Hungary,https://rgai.sed.hu/
"Speech Communication and Smart Interactions Laboratory, Budapest University of Technology and Economics",Hungary,http://smartlab.tmit.bme.hu/index-en
"Applied Intelligence Research Centre, Technological University of Dublin",Ireland,http://ditairc.ie/who-we-are/
"Hamilton Institute, Maynooth University",Ireland,https://www.maynoothuniversity.ie/hamilton
"Irish Centre for High-End Computing, National University of Ireland Galway",Ireland,https://www.ichec.ie/
"Machine Learning & Data Mining Research Group, National University of Ireland",Ireland,http://datamining.it.nuigalway.ie/
"Regulated Software Research Centre, Dundalk Institute of Technology and Lero",Ireland,https://www.dkit.ie/regulated-software-research-centre
"School of Computer Science & IT, University College Cork",Ireland,https://www.ucc.ie/en/compsci/research/
Confirm Centre for Smart Manufacturing,Ireland,https://confirm.ie/
Insight Centre for Data Analytics (UCC),Ireland,https://www.insight-centre.org/
SFI Centre for Research Training in Artificial Intelligence,Ireland,http://www.crt-ai.ie/
"UCD Natural Computing Research & Applications Group, University College Dublin",Ireland,http://ncra.ucd.ie/index.php/contact/
"Caesarea Rothschild Institute for Interdisciplinary Applications of Computer Science, University of Haifa",Israel,https://cri.hevra.haifa.ac.il/
"Multiagent Systems Research Group, The Hebrew University of Jerusalem",Israel,https://www.cs.huji.ac.il/labs/mas/proc.php
"AI&Robotics Lab, Politecnico di Milano – Department of Electronics, Information, and Bioengineering",Italy,http://airlab.deib.polimi.it/
"AIRI: Artificial Intelligence Research and Innovation Center, Università di Modena e Reggio Emilia",Italy,https://www.airi.unimore.it/
"AI Group – machine learning @ unife, University of Ferrara",Italy,http://ml.unife.it/
"AI Research Group – DISMI@UniMORE, DISMI, Univ. Modena and Reggio Emilia",Italy,http://agentgroup.unimore.it/
"Artificial Intelligence Laboratory, University of Florence",Italy,http://ai.dinfo.unifi.it/
"Artificial Intelligence Laboratory – Dept. of Mathematics and Computer Science, University of Calabria",Italy,https://www.mat.unical.it/ComputerScience/ArtificialIntelligence
"Cefriel, Milano",Italy,https://cefriel.com/en/home
"Computational Intelligence Group, University of Genoa",Italy,https://sites.google.com/site/cilunigeit/computational-intelligence
"Computer Science Department, University of Torino",Italy,http://beta.di.unito.it/index.php/english
"CVPRLab, University of Naples Parthenope",Italy,http://cvprlab.uniparthenope.it/
"University of Bologna, Department of Computer Science and Engineering",Italy,https://disi.unibo.it/it
"DIAG – Department of Computer, Control, and Management Engineering, Sapienza University of Rome",Italy,http://www.dis.uniroma1.it/en
"Artificial Intelligence and Knowledge Representation, Sapienza University of Rome",Italy,https://sites.google.com/diag.uniroma1.it/aikr-lab/home
LabRoCoCo – Laboratory Artificial Intelligence and Robotics,Italy,http://labrococo.dis.uniroma1.it/
"Dipartimento di Informatica, Università degli Studi di Verona",Italy,https://www.di.univr.it/?lang=en
"Dipartimento di Informatica, Università di Pisa",Italy,https://di.unipi.it/en/
Advanced Algorithms and Applications Lab (A³ Lab),Italy,http://acube.di.unipi.it/
CIML – Computational Intelligence & Machine Learning Group,Italy,http://groups.di.unipi.it/groups/ciml/
The ItaliaNLP Lab,Italy,http://www.italianlp.it/
KDD Lab – Knowledge Discovery and Data Mining Laboratory,Italy,https://kdd.isti.cnr.it/
"DISI – Department of Information Engineering and Computer Science, University of Trento",Italy,https://www.disi.unitn.it/
"Knowdive Group, University of Trento",Italy,http://knowdive.disi.unitn.it/research/
LIONlab – MACHINE LEARNING AND INTELLIGENT OPTIMIZATION,Italy,https://intelligent-optimization.org/
SML – Structured Machine Learning Group,Italy,http://sml.disi.unitn.it/
SWENG_FM – Research Program in SW Engineering and Formal Methods,Italy,https://www.disi.unitn.it/it/research/programs/sweng
"FBK ICT, Fondazione Bruno Kessler, Trento",Italy,https://ict.fbk.eu/
"Institute for Cognitive Sciences and Technologies, National Research Council, Rome",Italy,https://istc.cnr.it/en/page/presentation
"Knowledge Representation and Automated Reasoning Lab, University of Perugia",Italy,https://www.krarlab.dmi.unipg.it/
"KRDB Research Centre for Knowledge and Data, Free University of Bozen-Bolzano",Italy,https://www.inf.unibz.it/krdb/
"SAILAB – Siena Artificial Intelligence Lab, University of Siena, Siena",Italy,https://sailab.diism.unisi.it/
"Traffic Research Group, Department of Electrical Engineering and Information Technologies, University of Naples Federico II",Italy,http://traffic.comics.unina.it/
"UNIOR Natural Language Processing and Computational Linguistics group, University of Naples L’Orientale, Naples",Italy,http://www.unior.it/
"University of Campania “Luigi Vanvitelli”, Caserta",Italy,https://www.unicampania.it/
"Dept. of Engineering – Laboratory of Artificial Intelligence, Aversa",Italy,https://www.ingegneria.unicampania.it/dipartimento/strutture-del-dipartimento/laboratori#laboratorio-di-ingegneria-del-software-ed-intelligenza-artificiale
"Industrial, Environmental and Biometric Informatics Laboratory, University of Milan",Italy,https://iebil.di.unimi.it/
K.D.I.S - Knowledge Discovery and Intelligent Systems,Jamaica,https://www.mona.uwi.edu/compsci/research/areas/kdis-knowledge-discovery-and-intelligent-systems
"Robotics and machine perception laboratory, EDI- Elektronikas un datorzinatnu instituts, Riga",Latvia,https://www.edi.lv/en/labs/robotics-and-machine-perception-laboratory/
"Faculty of Economics and Management, Vytautas Magnus University, Kaunas",Lithuania,http://evf.vdu.lt/en/
"Institute of Computer Science, Vilnius University",Lithuania,https://mif.vu.lt/lt3/en/about/structure/institute-of-computer-science
"Intelligent System Laboratory, Vytautas Magnus University, Kaunas",Lithuania,https://www.vdu.lt/en/
"Computer science and communications, University of Luxembourg, Esch sur Alzette",Luxemburg,https://wwwen.uni.lu/research/fstm/cicel/computer_science_and_communications_research_unit
"IT for Innovative Services (ITIS), LIST – Luxembourg Institute of Science and Technology, Luxembourg",Luxemburg,http://www.innovation.public.lu/en/cooperer/trouver-partenaires/instituts/luxembourg-institute-of-science-and-technology-list-1/luxembourg-institute-of-science-and-technology-list-1/it-for-innovative-services-itis/index.html
"Advanced Concepts Team, European Space Agency, Noordwijk",Netherlands,https://www.esa.int/gsp/ACT/
"Computational Intelligence Group, Vrije Universiteit Amsterdam",Netherlands,https://cs.vu.nl/ci/
"Crime & Safety department, Jheronimus Academy of Data Science, Den Bosch",Netherlands,https://www.jads.nl/
"CWI – Centrum Wiskunde & Informatica, NWO-I, Amsterdam",Netherlands,https://www.cwi.nl/
CWI Machine Learning Group,Netherlands,https://www.cwi.nl/research/groups/machine-learning
"DAIR – Delft Artificial Intelligence Research, Delft University of Technology, Delft",Netherlands,https://www.tudelft.nl/ai/
"Data Mining Research Group, Eindhoven University of Technology, Eindhoven",Netherlands,https://www.win.tue.nl/dm/doku.php
"Department of Artificial Intelligence, Bernoulli Institute of Mathematics, Computer Science and Artificial Intelligence, University of Groningen",Netherlands,https://www.rug.nl/research/bernoulli/
"Department of Information and Computing Science, Utrecht University",Netherlands,https://www.uu.nl/en/organisation/department-of-information-and-computing-sciences
"Intelligent Systems, Utrecht University",Netherlands,https://www.uu.nl/en/research/intelligent-software-systems/intelligent-systems
"Department of Radiology, Leiden University Medical Center, Leiden",Netherlands,https://www.lumc.nl/org/radiologie/
"Eindhoven AI Systems Institute (EAISI), Eindhoven University of Technology",Netherlands,https://www.tue.nl/en/research/institutes/eindhoven-artificial-intelligence-systems-institute/
"Human-centered Artificial Intelligence focus area, Utrecht University",Netherlands,https://www.uu.nl/en/research/human-centered-artificial-intelligence
"Information and Language Processing Systems, University of Amsterdam",Netherlands,https://ivi.uva.nl/content/research-groups/information-and-language-processing-systems/information-and-language-processing-systems.html
"Intelligent Sensory Information Systems Lab, University of Amsterdam",Netherlands,https://ivi.fnwi.uva.nl/isis/index.html
"KNAW - Humanities Cluster, Royal Netherlands Academy of Arts and Sciences",Netherlands,https://huc.knaw.nl/
"Knowledge Representation & Reasoning Group, Vrije Universiteit Amsterdam",Netherlands,https://krr.cs.vu.nl/
"Leiden Institute of Advanced Computer Science, Leiden University",Netherlands,https://www.universiteitleiden.nl/en/science/computer-science
ADA Research Group,Netherlands,https://ada.liacs.nl/
Computational Drug Discovery,Netherlands,https://www.universiteitleiden.nl/en/science/drug-research/drug-discovery-and-safety/computational-drug-discovery
EDA research group,Netherlands,http://eda.liacs.nl/
Data Science Research Programme,Netherlands,https://www.universiteitleiden.nl/en/data-science-research-programme
LCDS – Leiden Centre of Data Science – Network activities,Netherlands,https://www.universiteitleiden.nl/en/science/leiden-centre-of-data-science
LERC – Leiden Embedded Research Center,Netherlands,http://liacs.leidenuniv.nl/~stefanovtp/lerc/
LIACS Reinforcement Learning Group,Netherlands,https://search.liacs.nl/
"Logic-based methods in AI / Theoretical Philosophy, Utrecht University",Netherlands,https://www.uu.nl/en/research/philosophy/theoretical-philosophy
"Radboud Artificial Intelligence, Radboud University, Nijmegen",Netherlands,https://www.ru.nl/ai/
"The D-Lab, Maastricht University, Maastricht",Netherlands,https://www.thedlab.info/
"Social AI group, Vrije Universiteit Amsterdam, Amsterdam",Netherlands,https://www.cs.vu.nl/en/research/artificial-intelligence/socialai/index.aspx
CAIR - Center for Artificial Intelligence Research,Norway,https://cair.uia.no/about-cair/
"UiT - CAI – Computational Analytics and Intelligence research group, The Arctic University of Norway (UiT)",Norway,https://en.uit.no/forskning/forskningsgrupper/gruppe?p_document_id=504980
The Center for Data Science @ UiB,Norway,https://www.uib.no/en/cedas
"Center for Modeling Social Systems, NORCE Norwegian Research Centre, Kristiansand",Norway,https://www.norceresearch.no/
"UiO - Robotics and Intelligent Systems (ROBIN), University of Oslo",Norway,https://www.mn.uio.no/ifi/english/research/groups/robin/
NORCE Allégaten,Norway,https://www.norceresearch.no/en/
NORCE Alta,Norway,https://www.norceresearch.no/en/
NORCE Bardu,Norway,https://www.norceresearch.no/en/
NORCE Fantoft,Norway,https://www.norceresearch.no/en/
NORCE GAMUT,Norway,https://www.norceresearch.no/en/
NORCE Grimstad,Norway,https://www.norceresearch.no/en/
NORCE Haugesund,Norway,https://www.norceresearch.no/en/
NORCE Jahnebakken,Norway,https://www.norceresearch.no/en/
NORCE Marineholmen,Norway,https://www.norceresearch.no/en/
NORCE Mekjarvikveien,Norway,https://www.norceresearch.no/en/
NORCE Nygårdsgaten,Norway,https://www.norceresearch.no/en/
NORCE Oslo,Norway,https://www.norceresearch.no/en/
NORCE Risavika,Norway,https://www.norceresearch.no/en/
"NORCE - Smart Instrumentation and Industrial Testing Group, Technology Department, Bergen",Norway,https://www.norceresearch.no/en/research-area/teknologi
NORCE Tromsø,Norway,https://www.norceresearch.no/en/
NORCE Årstadveien,Norway,https://www.norceresearch.no/en/
Norwegian Open AI Lab (NAIL),Norway,https://www.ntnu.edu/ailab
Norwegian Research Center for AI Innovation (NORWAI),Norway,https://www.ntnu.edu/norwai
Simula - Bergen,Norway,https://www.simula-uib.com/
Simula - SimulaMet,Norway,https://www.simula.no/research/projects/simula-metropolitan-center-digital-engineering
UiS - Stavanger AI Lab (SAIL),Norway,https://www.uis.no/en/stavanger-ai-lab-research
"UiS - IAI research group, University of Stavanger",Norway,https://iai.group/
UiS - Stavanger AI Lab (SAIL),Norway,https://www.uis.no/en/stavanger-ai-lab
UiS - BMDLab – Biomedical data analysis laboratory,Norway,https://www.uis.no/en/bmdlab
UiS - Cybernetics and Systems Biology Laboratories,Norway,https://www.uis.no/en/cybernetics-and-systems-biology-laboratories
UiS - Computer Networks (ComNet) Research Group,Norway,https://www.uis.no/en/computer-networks-comnet-research-group
UiS - Data-centered and Secure Computing (DSComputing),Norway,https://www.uis.no/en/data-centered-and-secure-computing-dscomputing
UiS - Applied AI and machine learning for energy and petroleum engineering,Norway,https://www.uis.no/en/applied-ai-and-machine-learning-energy-and-petroleum-engineering
UiS - Cognitive and behavioral neuroscience lab,Norway,https://www.uis.no/en/cognitive-and-behavioral-neuroscience-lab
UiS - Relab: Reliable Systems Lab,Norway,https://www.uis.no/en/relab-reliable-systems-lab
OsloMet - AI Lab,Norway,https://www.oslomet.no/om/tkd/it/ai-lab
"Center for Artificial Intelligence and Machine Learning (CAMIL), Poznan University of Technology",Poland,https://www.camil-research.pl/
"Center for Complex Systems and New Technologies, University of Warsaw",Poland,http://iss.uw.edu.pl/en/osrodek-badania-ukladow-zlozonych-i-nowych-technologii/
"Decision Analysis and Support Unit, SGH Warsaw School of Economics",Poland,https://ssl-kolegia.sgh.waw.pl/en/KAE/Pages/default.aspx
"Department of Informatics/Neurocognitive Laboratory, Nicolaus Copernicus University, Torun",Poland,https://www.is.umk.pl/en/about-us/
"Department of Information Systems, Gdynia Maritime University, Gdynia",Poland,https://ksi.wpit.umg.edu.pl/
"GEIST research group, AGH University Krakow",Poland,https://geist.re/doku.php
"Laboratory for Intelligent Systems, Systems Research Institute, Polish Academy of Sciences, Warszawa",Poland,http://www.ibspan.waw.pl/
"Laboratory of Intelligent Decision Support Systems, Poznań University of Technology",Poland,http://idss.cs.put.poznan.pl/site/main.html
"Machine Learning Group, Department of Systems and Computer Networks, Wroclaw University of Science and Technology",Poland,https://www.kssk.pwr.edu.pl/teams/zum
"DTx: Digital Transformation CoLAB, Guimarães",Portugal,https://www.dtx-colab.pt/en/homepage-en/
"LIAAD – Artificial Intelligence and Decision Support Lab, INESC TEC, Porto",Portugal,https://www.inesctec.pt/en/centres/liaad#presentation
CISUC – Center for Informatics and Systems of the University of Coimbra,Portugal,https://www.cisuc.uc.pt/en/home
"GECAD – Research Group on Intelligent Engineering and Computing for Advanced Innovation and Development, Institute of Engineering – Polytechnic of Porto",Portugal,http://www.gecad.isep.ipp.pt/GECAD/Pages/Presentation/Home.aspx
"INESC-ID – Instituto de Engenharia de Sistemas e Computadores, Investigação e Desenvolvimento em Lisboa",Portugal,https://www.inesc-id.pt/
GAIPS – Intelligent Agents and Synthetic Characters Group,Portugal,http://gaips.inesc-id.pt/index.php
"NOVA LINCS, Universidade NOVA de Lisboa, Caparica",Portugal,https://nova-lincs.di.fct.unl.pt/
"CAMPUS Center for Advanced Research on New Materials, Products and Innovative Processes, University “Politehnica” of Bucharest",Romania,http://campus.pub.ro/
"Department of Electronics and Computers, Transilvania University of Brasov",Romania,https://iesc.unitbv.ro/ro/despre/electronic%C4%83-%C8%99i-calculatoare.html
"Faculty of Automatic Control and Computers, University Politehnica of Bucharest",Romania,https://acs.pub.ro/en/
"Mind Simulation Laboratory, Krasnodar, Russia",Russia,https://mind-simulation.com/en/
"GOOD OLD AI Research Network, University of Belgrade",Serbia,http://goodoldai.org/
"Learning and Vision Lab, ECE, NUS",Singapore,http://www.lv-nus.org/
Department of Electrical and Computer Engineering,Singapore,https://www.eng.nus.edu.sg/ece/
Social Robot Lab (SRL),Singapore,http://robotics.nus.edu.sg/
"Kempelen Institute of Intelligent Technologies, Bratislava",Slovakia,https://kinit.sk/en/
"VGG – Vision and Graphics Group, STU – Slovak University of Technology in Bratislava",Slovakia,https://vgg.fiit.stuba.sk/
Security Group @ Kempelen Institute of Intelligent Technologies,Slovakia,https://www.kinit.sk/security
Natural Language Processing Group @ Kempelen Institute of Intelligent Technologies,Slovakia,https://kinit.sk/nlp
"Artificial Intelligence Laboratory, University of Ljubljana, Faculty of Computer and Information Science",Slovenia,https://fri.uni-lj.si/en/laboratory/lui
"Computer Systems Department, Jozef Stefan Institute, Ljubljana",Slovenia,http://cs.ijs.si/
"Computer Vision Laboratory, Faculty of Computer and Information Science, University of Ljubljana",Slovenia,https://www.fri.uni-lj.si/en/laboratory/lrv
"Institute of Criminology at the Faculty of Law, University of Ljubljana",Slovenia,http://inst-krim.si/en/automated-justice-social-ethical-and-legal-implications/
"Jozef Stefan Institute, Ljubljana",Slovenia,https://ijs.si/ijsw/V001/JSI
"Department of intelligent systems, Jozef Stefan Institute, Ljubljana",Slovenia,https://dis.ijs.si/
"Department of Knowledge Technologies, Jozef Stefan Institute, Ljubljana",Slovenia,http://kt.ijs.si/
Soft Computing and Intelligent Information Systems,Spain,https://sci2s.ugr.es/
"AIR Institute, Carbajosa de la Sagrada",Spain,https://air-institute.org/
"Artificial Intelligence and Machine Learning Group, Universitat Pompeu Fabra, Barcelona",Spain,https://www.upf.edu/web/ai-ml/
"IIIA – Artificial Intelligence Research Institute, Spanish National Research Council (CSIC), Bellaterra (Barcelona)",Spain,https://www.iiia.csic.es/
"Autonomous Systems Laboratory, Universidad Politecnica de Madrid, Madrid",Spain,http://www.aslab.org/
"BCAM – Basque Center For Applied Mathematics, Bilbao",Spain,http://www.bcamath.org/en/
"HiTZ – Basque Center for Language Technology, University of the Basque Country (UPV/EHU), Donostia/San Sebastian",Spain,http://www.hitz.eus/
"Computer Vision Centre, Barcelona",Spain,http://www.cvc.uab.es/?page_id=17
"Data Science Research Group, Universidad Europea de Madrid, Madrid",Spain,https://projectbasedschool.universidadeuropea.es/blogs/dsl/
"Decision Support and Recommender Systems Group, University of Granada, Granada",Spain,http://dsrs-lab.ugr.es/
"ISP – Image and Signal Processing Group, Universitat de València, València",Spain,https://isp.uv.es/
"Industrial Engineering and Logistics Research Group, Universidad Politécnica de Madrid",Spain,http://www.iol.etsii.upm.es/
"Institut de Neurociències, INc Universitat Autònoma de Barcelona (UAB), Barcelona",Spain,https://inc.uab.cat/en/research/laboratory-of-molecular-neuropharmacology-and-bioinformatics
"Intelligent Data Science & Artificial Intelligence Research Center, Universitat Politècnica de Catalunya / UPC BarcelonaTECH, Barcelona",Spain,https://ideai.upc.edu/en
"Intelligent Systems and Data Mining Group, University of Castilla-La Mancha, Albacete",Spain,http://simd.albacete.org/
"Intelligent Systems Group, University of Santiago de Compostela, Santiago de Compostela",Spain,http://imaisd.usc.es/grupoficha.asp?idpersoatipogrupo=75525&i=en&s=-2-26-148-150
"iScOp – Intelligent Scheduling and Optimisation Research Group, University of Oviedo, Gijón",Spain,http://iscop.grupos.uniovi.es/en
"ITAKA – Intelligent Technologies for Advanced Knowledge Acquisition, Universitat Rovira i Virgili, Tarragona",Spain,https://deim.urv.cat/~itaka/itaka2/index.html
"Knowledge Discovery and Intelligent Systems, University of Cordoba, Cordoba",Spain,http://www.uco.es/kdis/
"KRAIL – Knowledge representation for AI based on logic, Universitat Autònoma de Barcelona, Bellaterra",Spain,https://serveis.uab.cat/cit/en/l%C3%B2gica
"Language Evolution Laboratory, Institut de Biologia Evolutiva, Universitat Pompeu Fabra, Barcelona",Spain,https://www.upf.edu/web/language-evolution
"LIDIA – Laboratoy of R&D on Artificial Intelligence, CITIC-University of A Coruña (UDC), A Coruña",Spain,https://citic.udc.es/en/comite-cientifico-en/
"Models of Decision and Optimisation (MODO) Research Group, Universidad de Granada",Spain,http://ofertaimasd.ugr.es/tic/grupos-de-investigacion/modelos-de-decision-y-optimizacion-modo/?set_language=en
"Natural Language Processing and Information Retrieval Group, Universidad Nacional de Educacion a Distancia (UNED), Madrid",Spain,https://sites.google.com/view/nlp-uned/home
"Institut de Robòtica i Informàtica Industrial (CSIC-UPC), Consejo Superior de Investigaciones Científicas (CSIC) and Universitat Politècnica de Catalunya (UPC), Barcelona",Spain,https://www.iri.upc.edu/
RobIRI – Robot Perception and Manipulation Group,Spain,https://www.iri.upc.edu/research/perception
"Joint Research Laboratory on Artificial Intelligence (JRL-AI), TECNALIA, Derio",Spain,https://jrlab.science/
"VISILAB, University of Castilla-La Mancha, Ciudad Real",Spain,http://visilab.etsii.uclm.es/?page_id=39
"VRAIN: Valencia Research Institute for Artificial Intelligence, Universitat Politècnica de València, València",Spain,http://vrain.upv.es/
eXiT- Control Engineering and Intelligent Systems @ University of Girona,Spain,https://exit.udg.edu/
Uppsala Department of Information Technnology,Sweden,http://www.it.uu.se
"AASS: Center for Applied Autonomous Sensor Systems, Orebro University, Orebro",Sweden,https://www.oru.se/aass
"Artificial Intelligence and Integrated Computer Systems Division, Dept. of Computer and Information Science, Linköping University",Sweden,https://www.ida.liu.se/divisions/aiics/
"Computational Socio Cognitive Systems, Umeå University",Sweden,https://www.umu.se/en/department-of-computing-science/research/
"Department of Computer and Systems Sciences, Stockholm University",Sweden,https://dsv.su.se/en/
"Department of Computer Science and Engineering, Blekinge Institute of Technology, Karlskrona",Sweden,https://www.ltu.se/research/subjects/Maskininlarning?l=en
"Interactive and Intelligent Systems, Umeå University",Sweden,https://www.umu.se/en/research/groups/interactive-and-intelligent-systems/
"Jönköping Artificial Intelligence Laboratory, Jönköping University",Sweden,https://ju.se/en/research/research-groups/computer-science-and-informatics/jonkoping-ai-lab-jail.html
"Natural Language Processing Laboratory, Linköping University",Sweden,https://www.ida.liu.se/divisions/hcs/nlplab/
"Optimisation Group, Uppsala University",Sweden,https://www.it.uu.se/research/group/optimisation/
"Responsible Artificial intelligence, Umeå University",Sweden,https://www.umu.se/en/research/groups/responsible-artificial-intelligence/
"RISE AI Initiative, RISE, Gothenburg",Sweden,https://www.ri.se/en/about-rise/about-rise
"Smart City Arena, Uppsala University",Sweden,http://www.it.uu.se/research/arenas/smart_city
Computer Vision Lab - Image Communication and Understanding,Switzerland,https://vision.ee.ethz.ch/
Autonomous Systems Lab (ASL),Switzerland,https://asl.ethz.ch/
"AI Transparency Institute, Lausanne",Switzerland,https://aitransparencyinstitute.com/
"Applied Complex Systems Science, Zurich University of Applied Sciences, Winterthur",Switzerland,https://www.zhaw.ch/en/engineering/institutes-centres/iamp/applied-complex-systems-science/
"Artificial Intelligence Laboratory, Ecole Polytechnique Fédérale de Lausanne (EPFL)",Switzerland,https://lia.epfl.ch/
"Artificial Intelligence Research Group, University of Basel",Switzerland,https://ai.dmi.unibas.ch/
"Auto-ID Labs ETH/HSG, ETH Zurich, Zurich",Switzerland,https://www.autoidlabs.ch/
"Dynamic and Distributed Information Systems Group, University of Zurich",Switzerland,https://www.ifi.uzh.ch/en/ddis.html
"FRME-IDP, Zurich University of Applied Sciences (ZHAW), Winterthur",Switzerland,https://www.zhaw.ch/en/university/
"Human-IST Institute, University of Fribourg",Switzerland,https://human-ist.unifr.ch/en/
"Idiap Research Institute, Martigny",Switzerland,https://www.idiap.ch/en
"idsia – Dalle Molle Institute for Artificial Intelligence, SUPSI-USI, Manno-Lugano",Switzerland,http://www.idsia.ch/
"InIT – Institute of Applied Information Technology, Zurich University of Applied Sciences (ZHAW)",Switzerland,https://www.epfl.ch/labs/lis/
Information Engineering Group - Zurich University of Applied Sciences (ZHAW),Switzerland,https://www.zhaw.ch/en/engineering/institutes-centres/init/information-engineering/
Research Group Software Systems – Text Analytics and Dialogue Systems,Switzerland,https://www.zhaw.ch/en/engineering/institutes-centres/init/software-systems/
"Institute for Wealth and Asset Management (IWA), School of Management and Law, Zurich University of Applied Sciences (ZHAW), Winterthur",Switzerland,https://www.zhaw.ch/en/sml/institutes-centres/iwa/
"Institute of Business Information Technology (IWI), School of Management and Law, Zurich University of Applied Sciences (ZHAW), Winterthur",Switzerland,https://www.zhaw.ch/en/sml/institutes-centres/iwi/
"Laboratory of Intelligent Systems, EPFL, Lausanne",Switzerland,https://www.epfl.ch/labs/lis/
"SILab – Smart Infrastructure Lab, Institute of Information Systems, HES-SO Valais / Wallis, Sierre",Switzerland,https://www.hevs.ch/fr/mini-sites/projets-produits/si-lab/
Neural Learning and Intelligent Systems Lab @ ETH Zurich,Switzerland,https://www.ini.uzh.ch/en/research/groups/grewe.html
"ZHAW Centre for Artificial Intelligence, Zurich University of Applied Sciences (ZHAW)",Switzerland,https://www.zhaw.ch/en/engineering/institutes-centres/cai/
"Cognitive Robotics Lab, Sabanci University",Turkey,https://cogrobo.sabanciuniv.edu/
Visual Geometry Group,UK,https://www.robots.ox.ac.uk/~vgg/index.html
"Kingdom - AI@Imperial College, Imperial College London",United,https://www.imperial.ac.uk/artificial-intelligence
"Kingdom - Artificial Intelligence & Machine Learning Theme, University of Oxford",United,http://www.cs.ox.ac.uk/research/ai_ml/
"Kingdom - Artificial Intelligence Group, University of Bath",United,https://www.bath.ac.uk/projects/artificial-intelligence/
"Kingdom - Artificial Intelligence Theme, School of Computing, University of Leeds",United,https://eps.leeds.ac.uk/computing-research-innovation
"Kingdom - Brain & Behaviour Lab, Imperial College London",United,https://faisallab.org/
"Kingdom - PARK – Centre of Planning, Autonomy and Representation of Knowledge, University of Huddersfield",United,https://research.hud.ac.uk/institutes-centres/park/
"Kingdom - Computational Logic and Argumentation (CLArg), Imperial College London, Department of Computing",United,https://clarg.doc.ic.ac.uk/
"Kingdom - Data and Knowledge Engineering Research Group, Cardiff University",United,https://www.cardiff.ac.uk/computer-science/research/groups/data-and-knowledge-engineering
"Kingdom - Decision and Cognitive Sciences Research Centre, Alliance Manchester Business School, University of Manchester",United,https://www.alliancembs.manchester.ac.uk/research/decision-science/
"Kingdom - Department of Computing Science, University of Aberdeen",United,https://www.abdn.ac.uk/ncs/departments/computing-science/index.php
"Kingdom - DELab – Digital Ethics Lab, University of Oxford",United,https://digitalethicslab.oii.ox.ac.uk/
"Kingdom - Emotional AI, Bangor University, Bangor",United,https://emotionalai.org/
"Kingdom - Intelligent Computational Engineering Laboratory (ICE Lab), University of Strathclyde, Glasgow",United,http://icelab.uk/
"Kingdom - Intelligent Systems Laboratory, University of Bristol",United,https://intelligentsystems.bristol.ac.uk/
"Kingdom - Mathematical Reasoning Group, University of Edinburgh",United,https://www.ed.ac.uk/
"Kingdom - School of Computer Science, University of Birmingham",United,https://www.birmingham.ac.uk/schools/computer-science/index.aspx
Kingdom - Cognition and Affect/Meta-Morphogenesis,United,https://www.cs.bham.ac.uk/research/projects/cogaff/misc/meta-morphogenesis.html
Kingdom - Intelligent Robotics Lab,United,https://www.birmingham.ac.uk/schools/computer-science/index.aspx
Kingdom - The Institute for Ethical AI & Machine Learning,United,https://ethical.institute/index.html
Kingdom - School of Informatics @ University of Edinburgh,United,https://www.ed.ac.uk/informatics/
Imperial's Data Science Institute,United Kingdom,https://www.imperial.ac.uk/data-science/
Chinese Association of Automation,United Kingdom,http://caa.org.cn/
Stanford AI Lab,United States,https://ai.stanford.edu/
Computer Science and Mathematics Division,United States,https://csmd.ornl.gov/
RISELab,United States,https://rise.cs.berkeley.edu/
Cornell Tech,United States,https://tech.cornell.edu/
CMU Machine Learning Department,United States,https://www.ml.cmu.edu/
UTCS Artificial Intelligence Lab,United States,https://www.cs.utexas.edu/~ai-lab/
Robotics Lab,United States,https://ptolemy.berkeley.edu/projects/robotics/
IMERSE Lab,United States,https://imerse.lcsr.jhu.edu/#professor
Columbia Computer Science,United States,https://www.cs.columbia.edu/areas/ai
EECS,United States,https://www.eecs.mit.edu/
Department of Computer Science and Engineering,United States,https://cse.umn.edu/cs
Perception Program,United States,http://www.ai.sri.com/perception/
Electrical Engineering Department,United States,https://ee.stanford.edu/
UMIACS,United States,https://www.umiacs.umd.edu/
RISELab,United States,https://rise.cs.berkeley.edu/
Berkeley Center for Human-Compatible AI,United States,https://humancompatible.ai/
Computer Science Department,United States,https://www.cs.columbia.edu/
Computer Science,United States,https://cs.stanford.edu/
MERCED Electrical Engineering and Computer Science,United States,https://eecs.ucmerced.edu/
The Berkeley Artificial Intelligence Research (BAIR) Lab,United States,https://bair.berkeley.edu/
Stanford Vision and Learning Lab,United States,http://vision.stanford.edu/
Chan Zuckerberg Biohub,United States,https://www.czbiohub.org/
RSE-Lab,United States,http://rse-lab.cs.washington.edu/
Center for Research in Computer Vision,United States,https://www.crcv.ucf.edu/
"School of Computing, Informatics, and Decision Systems Engineering",United States,https://cidse.engineering.asu.edu/
Electrical Engineering and Computer Science,United States,https://eecs.engin.umich.edu/
"Center for Brains, Minds and Machines",United States,https://cbmm.mit.edu/
Princeton Computer Science Department,United States,https://www.cs.princeton.edu/
Cornell Computer Science,United States,https://www.cs.cornell.edu/
Human-Computer Interaction Institute,United States,http://www.cmu.edu
Machine Learning Group @ Cambridge,United States,http://mlg.eng.cam.ac.uk/
AUTONOMOUS LEARNING LABORATORY,United States,https://all.cs.umass.edu/?_gl=1*1j831up*_ga*MTk4NjIxNjYzNi4xNjIzNDA0NTc0*_ga_21RLS0L7EB*MTYyMzQ5MzQxMy4yLjEuMTYyMzQ5Mzg2OS4w&_ga=2.230606741.866625730.1623493413-1986216636.1623404574
Donald Bren School of Information & Computer Science,United States,https://www.ics.uci.edu/
"Institute for Sustainability, Energy, and Environment (iSEE)",United States,https://sustainability.illinois.edu/
Sapiro Lab,United States,http://sapirolab.pratt.duke.edu/
Georgia Tech College of Computing,United States,https://www.cc.gatech.edu/
Biometrics Research Group,United States,http://biometrics.cse.msu.edu/
Data and Information Systems Research Laboratory,United States,https://dais.cs.illinois.edu/
Berkeley Artificial Intelligence Research,United States,https://bair.berkeley.edu/index.html#header
Haussler-Salama Lab,United States,https://hausslergenomics.ucsc.edu/
Big Data and Social Computing Lab,United States,http://bdsc.lab.uic.edu/
The Robotics Institute,United States,https://www.ri.cmu.edu/
The Computational Neurobiology Laboratory,United States,https://cnl.salk.edu/
Image Formation and Processing Group,United States,https://ifp-uiuc.github.io/
NetSys,United States,https://netsys.cs.berkeley.edu/
Stanford Artificial Intelligence Laboratory,United States,https://ai.stanford.edu/
Digital Technology Center,United States,https://cse.umn.edu/dtc
Department of Electrical and Computer Engineering,United States,https://ece.princeton.edu/people/h-vincent-poor
"Center for Brain, Minds + Machines",United States,https://cbmm.mit.edu/
MIT Connection Science,United States,http://connection.mit.edu/